entity_name,type,dimensions,source_url,scraped_at
PRELUDEOffshore Support Vessel,2017,489 / 74,https://www.vesselfinder.com/vessels?page=1,2026-02-10 08:25:06.975020+00:00
PIONEERING SPIRITCrane Ship,2014,382 / 124,https://www.vesselfinder.com/vessels?page=1,2026-02-10 08:25:06.975079+00:00
CORAL-SUL FLNGOffshore Support Vessel,2021,277 / 46,https://www.vesselfinder.com/vessels?page=1,2026-02-10 08:25:06.975108+00:00
LEGEND OF THE SEASPassenger (Cruise) Ship,2026,-,https://www.vesselfinder.com/vessels?page=1,2026-02-10 08:25:06.975134+00:00
STAR OF THE SEASPassenger (Cruise) Ship,2025,365 / 66,https://www.vesselfinder.com/vessels?page=1,2026-02-10 08:25:06.975158+00:00
ICON OF THE SEASPassenger (Cruise) Ship,2023,365 / 49,https://www.vesselfinder.com/vessels?page=1,2026-02-10 08:25:06.975182+00:00
CMA CGM VENDOMEContainer Ship,2025,400 / 62,https://www.vesselfinder.com/vessels?page=1,2026-02-10 08:25:06.975206+00:00
CMACGM SAINT GERMAINContainer Ship,2025,400 / 62,https://www.vesselfinder.com/vessels?page=1,2026-02-10 08:25:06.975230+00:00
CMA CGM SEINEContainer Ship,2025,400 / 62,https://www.vesselfinder.com/vessels?page=1,2026-02-10 08:25:06.975253+00:00
EVER AEONContainer Ship,2024,400 / 60,https://www.vesselfinder.com/vessels?page=1,2026-02-10 08:25:06.975276+00:00
EVER ALLYContainer Ship,2025,399 / 61,https://www.vesselfinder.com/vessels?page=1,2026-02-10 08:25:06.975300+00:00
EVER ACMEContainer Ship,2022,400 / 62,https://www.vesselfinder.com/vessels?page=1,2026-02-10 08:25:06.975322+00:00
FSO AFRICAFSO,2002,378 / 68,https://www.vesselfinder.com/vessels?page=1,2026-02-10 08:25:06.975346+00:00
FSO ASIAFSO,2002,380 / 68,https://www.vesselfinder.com/vessels?page=1,2026-02-10 08:25:06.975368+00:00
CMA CGM RIVOLIContainer Ship,2021,400 / 61,https://www.vesselfinder.com/vessels?page=1,2026-02-10 08:25:06.975391+00:00
CC CHAMPS ELYSEESContainer Ship,2020,400 / 61,https://www.vesselfinder.com/vessels?page=1,2026-02-10 08:25:06.975419+00:00
CMA CGM PALAIS ROYALContainer Ship,2020,400 / 61,https://www.vesselfinder.com/vessels?page=1,2026-02-10 08:25:06.975443+00:00
CMA CGM SORBONNEContainer Ship,2021,400 / 61,https://www.vesselfinder.com/vessels?page=1,2026-02-10 08:25:06.975466+00:00
CMA CGM CONCORDEContainer Ship,2021,400 / 61,https://www.vesselfinder.com/vessels?page=1,2026-02-10 08:25:06.975491+00:00
CMA CGM MONTMARTREContainer Ship,2021,400 / 61,https://www.vesselfinder.com/vessels?page=1,2026-02-10 08:25:06.975514+00:00
CMA CGM CONCORDEContainer Ship,2021,400 / 61,https://www.vesselfinder.com/vessels?page=2,2026-02-10 08:25:10.027506+00:00
CMA CGM LOUVREContainer Ship,2020,400 / 61,https://www.vesselfinder.com/vessels?page=2,2026-02-10 08:25:10.027541+00:00
CMACGM JACQUES SAADEContainer Ship,2020,400 / 61,https://www.vesselfinder.com/vessels?page=2,2026-02-10 08:25:10.027563+00:00
UTOPIA OF THE SEASPassenger (Cruise) Ship,2024,362 / 47,https://www.vesselfinder.com/vessels?page=2,2026-02-10 08:25:10.027587+00:00
EVER ALOTContainer Ship,2022,400 / 62,https://www.vesselfinder.com/vessels?page=2,2026-02-10 08:25:10.027608+00:00
EVER ATOPContainer Ship,2022,400 / 62,https://www.vesselfinder.com/vessels?page=2,2026-02-10 08:25:10.027628+00:00
EVER APEXContainer Ship,2022,400 / 62,https://www.vesselfinder.com/vessels?page=2,2026-02-10 08:25:10.027648+00:00
EVER ARIAContainer Ship,2022,400 / 62,https://www.vesselfinder.com/vessels?page=2,2026-02-10 08:25:10.027668+00:00
MSC MARIELLAContainer Ship,2023,400 / 61,https://www.vesselfinder.com/vessels?page=2,2026-02-10 08:25:10.027687+00:00
MSC MICHELCAPPELLINIContainer Ship,2023,400 / 61,https://www.vesselfinder.com/vessels?page=2,2026-02-10 08:25:10.027707+00:00
MSC IRINAContainer Ship,2023,400 / 61,https://www.vesselfinder.com/vessels?page=2,2026-02-10 08:25:10.027726+00:00
MSC LORETOContainer Ship,2023,400 / 61,https://www.vesselfinder.com/vessels?page=2,2026-02-10 08:25:10.027746+00:00
MSC TURKIYEContainer Ship,2023,400 / 61,https://www.vesselfinder.com/vessels?page=2,2026-02-10 08:25:10.027765+00:00
MSC MICOLContainer Ship,2023,400 / 61,https://www.vesselfinder.com/vessels?page=2,2026-02-10 08:25:10.027784+00:00
MSC TESSAContainer Ship,2023,400 / 62,https://www.vesselfinder.com/vessels?page=2,2026-02-10 08:25:10.027803+00:00
MSC CELESTINOMARESCAContainer Ship,2023,400 / 62,https://www.vesselfinder.com/vessels?page=2,2026-02-10 08:25:10.027823+00:00
MSC RAYAContainer Ship,2023,400 / 62,https://www.vesselfinder.com/vessels?page=2,2026-02-10 08:25:10.027842+00:00
MSC NICOLA MASTROContainer Ship,2023,400 / 62,https://www.vesselfinder.com/vessels?page=2,2026-02-10 08:25:10.027862+00:00
MSC GEMMAContainer Ship,2023,400 / 62,https://www.vesselfinder.com/vessels?page=2,2026-02-10 08:25:10.027881+00:00
MSC CLAUDE GIRARDETContainer Ship,2023,400 / 62,https://www.vesselfinder.com/vessels?page=2,2026-02-10 08:25:10.027901+00:00
MSC METTEContainer Ship,2023,399 / 62,https://www.vesselfinder.com/vessels?page=3,2026-02-10 08:25:13.051647+00:00
MSC CHINAContainer Ship,2023,400 / 62,https://www.vesselfinder.com/vessels?page=3,2026-02-10 08:25:13.051687+00:00
WONDER OF THE SEASPassenger (Cruise) Ship,2022,362 / 47,https://www.vesselfinder.com/vessels?page=3,2026-02-10 08:25:13.051712+00:00
EVER ALPContainer Ship,2021,400 / 62,https://www.vesselfinder.com/vessels?page=3,2026-02-10 08:25:13.051734+00:00
EVER ARTContainer Ship,2022,400 / 62,https://www.vesselfinder.com/vessels?page=3,2026-02-10 08:25:13.051757+00:00
EVER ACTContainer Ship,2021,400 / 62,https://www.vesselfinder.com/vessels?page=3,2026-02-10 08:25:13.051779+00:00
EVER ARMContainer Ship,2022,400 / 62,https://www.vesselfinder.com/vessels?page=3,2026-02-10 08:25:13.051801+00:00
EVER AIMContainer Ship,2021,400 / 62,https://www.vesselfinder.com/vessels?page=3,2026-02-10 08:25:13.051823+00:00
EVER ACEContainer Ship,2021,400 / 62,https://www.vesselfinder.com/vessels?page=3,2026-02-10 08:25:13.051846+00:00
OOCL FELIXSTOWEContainer Ship,2023,400 / 61,https://www.vesselfinder.com/vessels?page=3,2026-02-10 08:25:13.051869+00:00
OOCL VALENCIAContainer Ship,2024,400 / 61,https://www.vesselfinder.com/vessels?page=3,2026-02-10 08:25:13.051891+00:00
OOCL SWEDENContainer Ship,2024,400 / 61,https://www.vesselfinder.com/vessels?page=3,2026-02-10 08:25:13.051913+00:00
OOCL PIRAEUSContainer Ship,2023,400 / 61,https://www.vesselfinder.com/vessels?page=3,2026-02-10 08:25:13.051935+00:00
OOCL SPAINContainer Ship,2023,400 / 61,https://www.vesselfinder.com/vessels?page=3,2026-02-10 08:25:13.051958+00:00
OOCL ZEEBRUGGEContainer Ship,2023,399 / 61,https://www.vesselfinder.com/vessels?page=3,2026-02-10 08:25:13.051981+00:00
OOCL ABU DHABIContainer Ship,2024,400 / 61,https://www.vesselfinder.com/vessels?page=3,2026-02-10 08:25:13.052003+00:00
OOCL FINLANDContainer Ship,2024,400 / 61,https://www.vesselfinder.com/vessels?page=3,2026-02-10 08:25:13.052025+00:00
OOCL GDYNIAContainer Ship,2023,400 / 61,https://www.vesselfinder.com/vessels?page=3,2026-02-10 08:25:13.052051+00:00
OOCL DENMARKContainer Ship,2024,400 / 61,https://www.vesselfinder.com/vessels?page=3,2026-02-10 08:25:13.052074+00:00
OOCL TURKIYEContainer Ship,2023,400 / 61,https://www.vesselfinder.com/vessels?page=3,2026-02-10 08:25:13.052096+00:00
OOCL PORTUGALContainer Ship,2024,399 / 61,https://www.vesselfinder.com/vessels?page=4,2026-02-10 08:25:16.154269+00:00
ONE INTEGRITYContainer Ship,2023,400 / 62,https://www.vesselfinder.com/vessels?page=4,2026-02-10 08:25:16.154312+00:00
ONE INTELLIGENCEContainer Ship,2023,399 / 61,https://www.vesselfinder.com/vessels?page=4,2026-02-10 08:25:16.154336+00:00
ONE INGENUITYContainer Ship,2023,400 / 61,https://www.vesselfinder.com/vessels?page=4,2026-02-10 08:25:16.154359+00:00
ONE INSPIRATIONContainer Ship,2023,400 / 61,https://www.vesselfinder.com/vessels?page=4,2026-02-10 08:25:16.154383+00:00
ONE INFINITYContainer Ship,2023,400 / 62,https://www.vesselfinder.com/vessels?page=4,2026-02-10 08:25:16.154408+00:00
ONE INNOVATIONContainer Ship,2023,400 / 62,https://www.vesselfinder.com/vessels?page=4,2026-02-10 08:25:16.154430+00:00
SA EUROPEFSO,2002,380 / 68,https://www.vesselfinder.com/vessels?page=4,2026-02-10 08:25:16.154453+00:00
SA OCEANIAFSO,2003,380 / 68,https://www.vesselfinder.com/vessels?page=4,2026-02-10 08:25:16.154476+00:00
MSC FEBEContainer Ship,2019,400 / 62,https://www.vesselfinder.com/vessels?page=4,2026-02-10 08:25:16.154498+00:00
MSC GULSUNContainer Ship,2019,400 / 62,https://www.vesselfinder.com/vessels?page=4,2026-02-10 08:25:16.154520+00:00
MSC AMBRAContainer Ship,2020,400 / 62,https://www.vesselfinder.com/vessels?page=4,2026-02-10 08:25:16.154543+00:00
MSC LENIContainer Ship,2019,400 / 62,https://www.vesselfinder.com/vessels?page=4,2026-02-10 08:25:16.154565+00:00
MSC SAMARContainer Ship,2019,400 / 62,https://www.vesselfinder.com/vessels?page=4,2026-02-10 08:25:16.154592+00:00
MSC MIAContainer Ship,2019,400 / 62,https://www.vesselfinder.com/vessels?page=4,2026-02-10 08:25:16.154615+00:00
HMM ST PETERSBURGContainer Ship,2020,400 / 62,https://www.vesselfinder.com/vessels?page=4,2026-02-10 08:25:16.154638+00:00
HMM ROTTERDAMContainer Ship,2020,400 / 62,https://www.vesselfinder.com/vessels?page=4,2026-02-10 08:25:16.154661+00:00
HMM OSLOContainer Ship,2020,400 / 62,https://www.vesselfinder.com/vessels?page=4,2026-02-10 08:25:16.154684+00:00
HMM STOCKHOLMContainer Ship,2020,400 / 62,https://www.vesselfinder.com/vessels?page=4,2026-02-10 08:25:16.154707+00:00
HMM SOUTHAMPTONContainer Ship,2020,400 / 62,https://www.vesselfinder.com/vessels?page=4,2026-02-10 08:25:16.154729+00:00
PETROBRAS 78Offshore Support Vessel,2025,350 / 35,https://www.vesselfinder.com/vessels?page=5,2026-02-10 08:25:19.256282+00:00
BW OPALOffshore Support Vessel,2025,358 / 64,https://www.vesselfinder.com/vessels?page=5,2026-02-10 08:25:19.256320+00:00
SINGAPORE EXPRESSContainer Ship,2024,400 / 61,https://www.vesselfinder.com/vessels?page=5,2026-02-10 08:25:19.256345+00:00
DAMIETTA EXPRESSContainer Ship,2024,400 / 61,https://www.vesselfinder.com/vessels?page=5,2026-02-10 08:25:19.256369+00:00
BANGKOK EXPRESSContainer Ship,2025,399 / 61,https://www.vesselfinder.com/vessels?page=5,2026-02-10 08:25:19.256391+00:00
BUSAN EXPRESSContainer Ship,2024,400 / 61,https://www.vesselfinder.com/vessels?page=5,2026-02-10 08:25:19.256414+00:00
MANILA EXPRESSContainer Ship,2023,400 / 61,https://www.vesselfinder.com/vessels?page=5,2026-02-10 08:25:19.256441+00:00
GDANSK EXPRESSContainer Ship,2024,400 / 61,https://www.vesselfinder.com/vessels?page=5,2026-02-10 08:25:19.256465+00:00
BERLIN EXPRESSContainer Ship,2023,400 / 61,https://www.vesselfinder.com/vessels?page=5,2026-02-10 08:25:19.256487+00:00
HAMBURG EXPRESSContainer Ship,2024,400 / 61,https://www.vesselfinder.com/vessels?page=5,2026-02-10 08:25:19.256510+00:00
ROTTERDAM EXPRESSContainer Ship,2025,320 / 45,https://www.vesselfinder.com/vessels?page=5,2026-02-10 08:25:19.256532+00:00
GENOVA EXPRESSContainer Ship,2025,400 / 61,https://www.vesselfinder.com/vessels?page=5,2026-02-10 08:25:19.256555+00:00
HANOI EXPRESSContainer Ship,2023,400 / 61,https://www.vesselfinder.com/vessels?page=5,2026-02-10 08:25:19.256577+00:00
WILHELMSHAVEN EXPRESContainer Ship,2025,400 / 61,https://www.vesselfinder.com/vessels?page=5,2026-02-10 08:25:19.256602+00:00
MSC APOLLINEContainer Ship,2021,400 / 61,https://www.vesselfinder.com/vessels?page=5,2026-02-10 08:25:19.256625+00:00
MSC ALLEGRAContainer Ship,2021,400 / 61,https://www.vesselfinder.com/vessels?page=5,2026-02-10 08:25:19.256648+00:00
MSC MICHELLEContainer Ship,2021,400 / 61,https://www.vesselfinder.com/vessels?page=5,2026-02-10 08:25:19.256671+00:00
MSC DILETTAContainer Ship,2021,400 / 61,https://www.vesselfinder.com/vessels?page=5,2026-02-10 08:25:19.256694+00:00
MSC AMELIAContainer Ship,2021,400 / 61,https://www.vesselfinder.com/vessels?page=5,2026-02-10 08:25:19.256717+00:00
MSC MINAContainer Ship,2019,400 / 61,https://www.vesselfinder.com/vessels?page=5,2026-02-10 08:25:19.256739+00:00
MSC SIXINContainer Ship,2019,400 / 61,https://www.vesselfinder.com/vessels?page=6,2026-02-10 08:25:22.321632+00:00
MSC ARINAContainer Ship,2019,400 / 61,https://www.vesselfinder.com/vessels?page=6,2026-02-10 08:25:22.321669+00:00
MSC MINAContainer Ship,2019,400 / 61,https://www.vesselfinder.com/vessels?page=6,2026-02-10 08:25:22.321695+00:00
MSC NELAContainer Ship,2019,400 / 61,https://www.vesselfinder.com/vessels?page=6,2026-02-10 08:25:22.321719+00:00
HMM COPENHAGENContainer Ship,2020,400 / 61,https://www.vesselfinder.com/vessels?page=6,2026-02-10 08:25:22.321744+00:00
HMM ALGECIRASContainer Ship,2020,400 / 61,https://www.vesselfinder.com/vessels?page=6,2026-02-10 08:25:22.321768+00:00
HMM HAMBURGContainer Ship,2020,400 / 61,https://www.vesselfinder.com/vessels?page=6,2026-02-10 08:25:22.321792+00:00
HMM HELSINKIContainer Ship,2020,400 / 61,https://www.vesselfinder.com/vessels?page=6,2026-02-10 08:25:22.321815+00:00
HMM GDANSKContainer Ship,2020,400 / 61,https://www.vesselfinder.com/vessels?page=6,2026-02-10 08:25:22.321839+00:00
HMM DUBLINContainer Ship,2020,400 / 61,https://www.vesselfinder.com/vessels?page=6,2026-02-10 08:25:22.321869+00:00
HMM LE HAVREContainer Ship,2020,400 / 61,https://www.vesselfinder.com/vessels?page=6,2026-02-10 08:25:22.321893+00:00
SYMPHONY OF THE SEASPassenger (Cruise) Ship,2018,361 / 47,https://www.vesselfinder.com/vessels?page=6,2026-02-10 08:25:22.321917+00:00
HARMONY OF THE SEASPassenger (Cruise) Ship,2016,362 / 47,https://www.vesselfinder.com/vessels?page=6,2026-02-10 08:25:22.321940+00:00
OASIS OF THE SEASPassenger (Cruise) Ship,2009,360 / 60,https://www.vesselfinder.com/vessels?page=6,2026-02-10 08:25:22.321962+00:00
ALLURE OF THE SEASPassenger (Cruise) Ship,2010,360 / 60,https://www.vesselfinder.com/vessels?page=6,2026-02-10 08:25:22.321981+00:00
EGINA FPSOOffshore Support Vessel,2017,330 / 61,https://www.vesselfinder.com/vessels?page=6,2026-02-10 08:25:22.322001+00:00
EVER GLORYContainer Ship,2019,400 / 59,https://www.vesselfinder.com/vessels?page=6,2026-02-10 08:25:22.322020+00:00
EVER GLOBEContainer Ship,2019,400 / 59,https://www.vesselfinder.com/vessels?page=6,2026-02-10 08:25:22.322039+00:00
EVER GREETContainer Ship,2019,400 / 59,https://www.vesselfinder.com/vessels?page=6,2026-02-10 08:25:22.322058+00:00
EVER GOVERNContainer Ship,2019,400 / 59,https://www.vesselfinder.com/vessels?page=6,2026-02-10 08:25:22.322077+00:00
EVER GENIUSContainer Ship,2018,400 / 59,https://www.vesselfinder.com/vessels?page=7,2026-02-10 08:25:25.513232+00:00
EVER GIFTEDContainer Ship,2018,400 / 59,https://www.vesselfinder.com/vessels?page=7,2026-02-10 08:25:25.513272+00:00
CMA CGM ST EXUPERYContainer Ship,2018,400 / 59,https://www.vesselfinder.com/vessels?page=7,2026-02-10 08:25:25.513291+00:00
CMA CGM JEAN MERMOZContainer Ship,2018,400 / 59,https://www.vesselfinder.com/vessels?page=7,2026-02-10 08:25:25.513309+00:00
CMACGM LOUIS BLERIOTContainer Ship,2018,400 / 59,https://www.vesselfinder.com/vessels?page=7,2026-02-10 08:25:25.513327+00:00
EVER GRADEContainer Ship,2019,400 / 59,https://www.vesselfinder.com/vessels?page=7,2026-02-10 08:25:25.513344+00:00
EVER GIVENContainer Ship,2018,400 / 59,https://www.vesselfinder.com/vessels?page=7,2026-02-10 08:25:25.513362+00:00
EVER GOODSContainer Ship,2018,400 / 59,https://www.vesselfinder.com/vessels?page=7,2026-02-10 08:25:25.513381+00:00
EVER GOLDENContainer Ship,2018,400 / 59,https://www.vesselfinder.com/vessels?page=7,2026-02-10 08:25:25.513399+00:00
PFLNG DUAOffshore Support Vessel,2020,393 / 64,https://www.vesselfinder.com/vessels?page=7,2026-02-10 08:25:25.513419+00:00
EVER GENTLEContainer Ship,2019,400 / 59,https://www.vesselfinder.com/vessels?page=7,2026-02-10 08:25:25.513436+00:00
MSC WORLD AMERICAPassenger (Cruise) Ship,2025,333 / 54,https://www.vesselfinder.com/vessels?page=7,2026-02-10 08:25:25.513453+00:00
COSCO NEBULAContainer Ship,2018,400 / 59,https://www.vesselfinder.com/vessels?page=7,2026-02-10 08:25:25.513471+00:00
COSCO SHIPPING STARContainer Ship,2019,400 / 59,https://www.vesselfinder.com/vessels?page=7,2026-02-10 08:25:25.513488+00:00
COSCO SHIPPING SOLARContainer Ship,2019,400 / 59,https://www.vesselfinder.com/vessels?page=7,2026-02-10 08:25:25.513504+00:00
COSCO GALAXYContainer Ship,2019,400 / 59,https://www.vesselfinder.com/vessels?page=7,2026-02-10 08:25:25.513521+00:00
MSC WORLD EUROPAPassenger (Cruise) Ship,2022,333 / 47,https://www.vesselfinder.com/vessels?page=7,2026-02-10 08:25:25.513538+00:00
COSCO PLANETContainer Ship,2019,400 / 59,https://www.vesselfinder.com/vessels?page=7,2026-02-10 08:25:25.513555+00:00
COSCO UNIVERSEContainer Ship,2018,400 / 59,https://www.vesselfinder.com/vessels?page=7,2026-02-10 08:25:25.513572+00:00
ALMIRANTE TAMANDAREOffshore Support Vessel,2024,336 / 60,https://www.vesselfinder.com/vessels?page=7,2026-02-10 08:25:25.513590+00:00
MARSEILLE MAERSKContainer Ship,2018,399 / 59,https://www.vesselfinder.com/vessels?page=8,2026-02-10 08:25:28.619570+00:00
MUMBAI MAERSKContainer Ship,2018,399 / 59,https://www.vesselfinder.com/vessels?page=8,2026-02-10 08:25:28.619615+00:00
MAASTRICHT MAERSKContainer Ship,2019,399 / 59,https://www.vesselfinder.com/vessels?page=8,2026-02-10 08:25:28.619645+00:00
MANCHESTER MAERSKContainer Ship,2018,399 / 59,https://www.vesselfinder.com/vessels?page=8,2026-02-10 08:25:28.619673+00:00
MURCIA MAERSKContainer Ship,2018,399 / 59,https://www.vesselfinder.com/vessels?page=8,2026-02-10 08:25:28.619700+00:00
MADRID MAERSKContainer Ship,2017,399 / 59,https://www.vesselfinder.com/vessels?page=8,2026-02-10 08:25:28.619728+00:00
MOSCOW MAERSKContainer Ship,2017,399 / 59,https://www.vesselfinder.com/vessels?page=8,2026-02-10 08:25:28.619756+00:00
MANILA MAERSKContainer Ship,2018,399 / 59,https://www.vesselfinder.com/vessels?page=8,2026-02-10 08:25:28.619779+00:00
MONACO MAERSKContainer Ship,2017,399 / 59,https://www.vesselfinder.com/vessels?page=8,2026-02-10 08:25:28.619802+00:00
MUNICH MAERSKContainer Ship,2017,399 / 59,https://www.vesselfinder.com/vessels?page=8,2026-02-10 08:25:28.619825+00:00
MILAN MAERSKContainer Ship,2017,399 / 59,https://www.vesselfinder.com/vessels?page=8,2026-02-10 08:25:28.619848+00:00
ONE TRIBUTEContainer Ship,2017,400 / 59,https://www.vesselfinder.com/vessels?page=8,2026-02-10 08:25:28.619871+00:00
ONE TRADITIONContainer Ship,2017,400 / 59,https://www.vesselfinder.com/vessels?page=8,2026-02-10 08:25:28.619894+00:00
ONE TRUSTContainer Ship,2017,400 / 59,https://www.vesselfinder.com/vessels?page=8,2026-02-10 08:25:28.619917+00:00
ONE TRIUMPHContainer Ship,2017,400 / 59,https://www.vesselfinder.com/vessels?page=8,2026-02-10 08:25:28.619940+00:00
OOCL SCANDINAVIAContainer Ship,2017,400 / 59,https://www.vesselfinder.com/vessels?page=8,2026-02-10 08:25:28.619962+00:00
OOCL INDONESIAContainer Ship,2018,400 / 59,https://www.vesselfinder.com/vessels?page=8,2026-02-10 08:25:28.619984+00:00
OOCL HONG KONGContainer Ship,2017,400 / 59,https://www.vesselfinder.com/vessels?page=8,2026-02-10 08:25:28.620006+00:00
OOCL GERMANYContainer Ship,2017,400 / 59,https://www.vesselfinder.com/vessels?page=8,2026-02-10 08:25:28.620029+00:00
OOCL UNITED KINGDOMContainer Ship,2017,400 / 59,https://www.vesselfinder.com/vessels?page=8,2026-02-10 08:25:28.620052+00:00
OOCL JAPANContainer Ship,2017,400 / 59,https://www.vesselfinder.com/vessels?page=9,2026-02-10 08:25:31.862752+00:00
ONE TREASUREContainer Ship,2018,400 / 58,https://www.vesselfinder.com/vessels?page=9,2026-02-10 08:25:31.862793+00:00
ONE TRUTHContainer Ship,2017,400 / 58,https://www.vesselfinder.com/vessels?page=9,2026-02-10 08:25:31.862818+00:00
ONE GUYANAOffshore Support Vessel,2022,335 / 60,https://www.vesselfinder.com/vessels?page=9,2026-02-10 08:25:31.862841+00:00
PROSPERITYOffshore Support Vessel,2020,333 / 60,https://www.vesselfinder.com/vessels?page=9,2026-02-10 08:25:31.862865+00:00
DISNEY ADVENTUREPassenger (Cruise) Ship,2025,342 / 46,https://www.vesselfinder.com/vessels?page=9,2026-02-10 08:25:31.862888+00:00
LIZA UNITYOffshore Support Vessel,2019,333 / 60,https://www.vesselfinder.com/vessels?page=9,2026-02-10 08:25:31.862912+00:00
JAGUAROffshore Support Vessel,2024,334 / 60,https://www.vesselfinder.com/vessels?page=9,2026-02-10 08:25:31.862935+00:00
MSC WORLD ASIAPassenger (Cruise) Ship,2026,-,https://www.vesselfinder.com/vessels?page=9,2026-02-10 08:25:31.862958+00:00
FPSO SEPETIBAOffshore Support Vessel,2021,331 / 60,https://www.vesselfinder.com/vessels?page=9,2026-02-10 08:25:31.862981+00:00
PFLNG SATUOffshore Support Vessel,2016,365 / 74,https://www.vesselfinder.com/vessels?page=9,2026-02-10 08:25:31.863003+00:00
PACIFIC UNITYBulk Carrier,2018,362 / 65,https://www.vesselfinder.com/vessels?page=9,2026-02-10 08:25:31.863026+00:00
PACIFIC HARVESTBulk Carrier,2018,362 / 65,https://www.vesselfinder.com/vessels?page=9,2026-02-10 08:25:31.863048+00:00
PACIFIC VISIONBulk Carrier,2018,362 / 65,https://www.vesselfinder.com/vessels?page=9,2026-02-10 08:25:31.863075+00:00
YUAN GU HAIBulk Carrier,2018,362 / 65,https://www.vesselfinder.com/vessels?page=9,2026-02-10 08:25:31.863097+00:00
YUAN HE HAIBulk Carrier,2018,362 / 65,https://www.vesselfinder.com/vessels?page=9,2026-02-10 08:25:31.863119+00:00
YUAN YI HAIBulk Carrier,2018,362 / 65,https://www.vesselfinder.com/vessels?page=9,2026-02-10 08:25:31.863142+00:00
YUAN BAO HAIBulk Carrier,2018,362 / 65,https://www.vesselfinder.com/vessels?page=9,2026-02-10 08:25:31.863164+00:00
YUAN QIAN HAIBulk Carrier,2020,362 / 65,https://www.vesselfinder.com/vessels?page=9,2026-02-10 08:25:31.863187+00:00
YUAN HUA HAIBulk Carrier,2019,362 / 65,https://www.vesselfinder.com/vessels?page=9,2026-02-10 08:25:31.863209+00:00
PACIFIC AUSPICEBulk Carrier,2019,362 / 65,https://www.vesselfinder.com/vessels?page=10,2026-02-10 08:25:35.003047+00:00
PACIFIC PROSPERITYBulk Carrier,2018,362 / 65,https://www.vesselfinder.com/vessels?page=10,2026-02-10 08:25:35.003090+00:00
PACIFIC EXCELLENCEBulk Carrier,2019,362 / 65,https://www.vesselfinder.com/vessels?page=10,2026-02-10 08:25:35.003111+00:00
ORE SHANGHAIBulk Carrier,2018,362 / 65,https://www.vesselfinder.com/vessels?page=10,2026-02-10 08:25:35.003132+00:00
ORE SHENZHENBulk Carrier,2018,362 / 65,https://www.vesselfinder.com/vessels?page=10,2026-02-10 08:25:35.003153+00:00
ORE GUANGZHOUBulk Carrier,2018,362 / 65,https://www.vesselfinder.com/vessels?page=10,2026-02-10 08:25:35.003172+00:00
ORE HONG KONGBulk Carrier,2018,362 / 65,https://www.vesselfinder.com/vessels?page=10,2026-02-10 08:25:35.003192+00:00
ORE ZHANJIANGBulk Carrier,2019,362 / 65,https://www.vesselfinder.com/vessels?page=10,2026-02-10 08:25:35.003212+00:00
ORE DALIANBulk Carrier,2018,362 / 65,https://www.vesselfinder.com/vessels?page=10,2026-02-10 08:25:35.003231+00:00
ORE TIANJINBulk Carrier,2018,362 / 65,https://www.vesselfinder.com/vessels?page=10,2026-02-10 08:25:35.003250+00:00
ORE XIAMENBulk Carrier,2018,362 / 65,https://www.vesselfinder.com/vessels?page=10,2026-02-10 08:25:35.003269+00:00
PACIFIC EXPRESSBulk Carrier,2018,362 / 65,https://www.vesselfinder.com/vessels?page=10,2026-02-10 08:25:35.003294+00:00
YUAN JIN HAIBulk Carrier,2019,362 / 65,https://www.vesselfinder.com/vessels?page=10,2026-02-10 08:25:35.003315+00:00
PACIFIC CAREERBulk Carrier,2018,362 / 65,https://www.vesselfinder.com/vessels?page=10,2026-02-10 08:25:35.003335+00:00
PACIFIC FLOURISHBulk Carrier,2018,362 / 65,https://www.vesselfinder.com/vessels?page=10,2026-02-10 08:25:35.003355+00:00
YUAN SHEN HAIBulk Carrier,2019,362 / 65,https://www.vesselfinder.com/vessels?page=10,2026-02-10 08:25:35.003375+00:00
YUAN ZHEN HAIBulk Carrier,2013,360 / 65,https://www.vesselfinder.com/vessels?page=10,2026-02-10 08:25:35.003394+00:00
YUAN JIAN HAIBulk Carrier,2013,360 / 65,https://www.vesselfinder.com/vessels?page=10,2026-02-10 08:25:35.003413+00:00
PACIFIC MERCHANTSBulk Carrier,2014,360 / 65,https://www.vesselfinder.com/vessels?page=10,2026-02-10 08:25:35.003433+00:00
ORE SHANDONGBulk Carrier,2012,360 / 65,https://www.vesselfinder.com/vessels?page=10,2026-02-10 08:25:35.003452+00:00
ORE CHINABulk Carrier,2011,360 / 65,https://www.vesselfinder.com/vessels?page=11,2026-02-10 08:25:38.148952+00:00
ORE HEBEIBulk Carrier,2012,360 / 65,https://www.vesselfinder.com/vessels?page=11,2026-02-10 08:25:38.148988+00:00
PACIFIC WARRIORBulk Carrier,2012,360 / 65,https://www.vesselfinder.com/vessels?page=11,2026-02-10 08:25:38.149014+00:00
ORE DONGJIAKOUBulk Carrier,2012,360 / 65,https://www.vesselfinder.com/vessels?page=11,2026-02-10 08:25:38.149038+00:00
LIWA MAXBulk Carrier,2012,360 / 65,https://www.vesselfinder.com/vessels?page=11,2026-02-10 08:25:38.149061+00:00
SOHAR MAXBulk Carrier,2012,360 / 65,https://www.vesselfinder.com/vessels?page=11,2026-02-10 08:25:38.149083+00:00
SHINAS MAXBulk Carrier,2013,360 / 65,https://www.vesselfinder.com/vessels?page=11,2026-02-10 08:25:38.149106+00:00
SAHAM MAXBulk Carrier,2013,360 / 65,https://www.vesselfinder.com/vessels?page=11,2026-02-10 08:25:38.149130+00:00
SEA MARANHAOBulk Carrier,2013,361 / 66,https://www.vesselfinder.com/vessels?page=11,2026-02-10 08:25:38.149152+00:00
SEA ESPIRITO SANTOBulk Carrier,2012,361 / 66,https://www.vesselfinder.com/vessels?page=11,2026-02-10 08:25:38.149175+00:00
SEA PONTA DA MADEIRABulk Carrier,2016,361 / 65,https://www.vesselfinder.com/vessels?page=11,2026-02-10 08:25:38.149197+00:00
SEA FUJIYAMABulk Carrier,2012,361 / 66,https://www.vesselfinder.com/vessels?page=11,2026-02-10 08:25:38.149220+00:00
SEA TUBARAOBulk Carrier,2013,361 / 66,https://www.vesselfinder.com/vessels?page=11,2026-02-10 08:25:38.149246+00:00
SEA QINGDAOBulk Carrier,2012,361 / 66,https://www.vesselfinder.com/vessels?page=11,2026-02-10 08:25:38.149268+00:00
ORE BRASILBulk Carrier,2011,362 / 65,https://www.vesselfinder.com/vessels?page=11,2026-02-10 08:25:38.149291+00:00
SHANDONG DA CHENGBulk Carrier,2012,362 / 65,https://www.vesselfinder.com/vessels?page=11,2026-02-10 08:25:38.149313+00:00
SHANDONG DA ZHIBulk Carrier,2012,360 / 65,https://www.vesselfinder.com/vessels?page=11,2026-02-10 08:25:38.149336+00:00
SHANDONG DA RENBulk Carrier,2012,362 / 65,https://www.vesselfinder.com/vessels?page=11,2026-02-10 08:25:38.149358+00:00
SHANDONG DA DEBulk Carrier,2011,362 / 65,https://www.vesselfinder.com/vessels?page=11,2026-02-10 08:25:38.149380+00:00
FSO CIDADE DE MACAEFSO,1979,419 / 69,https://www.vesselfinder.com/vessels?page=11,2026-02-10 08:25:38.149403+00:00
COSCO SCORPIOContainer Ship,2018,400 / 59,https://www.vesselfinder.com/vessels?page=12,2026-02-10 08:25:41.300687+00:00
COSCO AQUARIUSContainer Ship,2019,400 / 59,https://www.vesselfinder.com/vessels?page=12,2026-02-10 08:25:41.300727+00:00
COSCO PISCESContainer Ship,2019,400 / 59,https://www.vesselfinder.com/vessels?page=12,2026-02-10 08:25:41.300748+00:00
NSU BRAZILBulk Carrier,2020,361 / 65,https://www.vesselfinder.com/vessels?page=12,2026-02-10 08:25:41.300768+00:00
COSCO SHIPPING ARIESContainer Ship,2018,400 / 59,https://www.vesselfinder.com/vessels?page=12,2026-02-10 08:25:41.300788+00:00
COSCO SHIPPING LEOContainer Ship,2018,400 / 59,https://www.vesselfinder.com/vessels?page=12,2026-02-10 08:25:41.300808+00:00
COSCO CAPRICORNContainer Ship,2018,400 / 59,https://www.vesselfinder.com/vessels?page=12,2026-02-10 08:25:41.300828+00:00
TIHAMAContainer Ship,2016,400 / 59,https://www.vesselfinder.com/vessels?page=12,2026-02-10 08:25:41.300848+00:00
AL ZUBARAContainer Ship,2015,400 / 59,https://www.vesselfinder.com/vessels?page=12,2026-02-10 08:25:41.300868+00:00
AL NEFUDContainer Ship,2015,400 / 59,https://www.vesselfinder.com/vessels?page=12,2026-02-10 08:25:41.300887+00:00
AL MURAYKHContainer Ship,2015,400 / 59,https://www.vesselfinder.com/vessels?page=12,2026-02-10 08:25:41.300906+00:00
AL DAHNA EXPRESSContainer Ship,2016,400 / 59,https://www.vesselfinder.com/vessels?page=12,2026-02-10 08:25:41.300925+00:00
BARZANContainer Ship,2015,400 / 59,https://www.vesselfinder.com/vessels?page=12,2026-02-10 08:25:41.300945+00:00
BERGE ACONCAGUABulk Carrier,2012,361 / 65,https://www.vesselfinder.com/vessels?page=12,2026-02-10 08:25:41.300966+00:00
BERGE NEBLINABulk Carrier,2013,361 / 65,https://www.vesselfinder.com/vessels?page=12,2026-02-10 08:25:41.300985+00:00
BERGE EVERESTBulk Carrier,2011,361 / 65,https://www.vesselfinder.com/vessels?page=12,2026-02-10 08:25:41.301005+00:00
BERGE JAYABulk Carrier,2012,361 / 65,https://www.vesselfinder.com/vessels?page=12,2026-02-10 08:25:41.301023+00:00
COSCO SHIPPING VIRGOContainer Ship,2018,400 / 59,https://www.vesselfinder.com/vessels?page=12,2026-02-10 08:25:41.301042+00:00
COSCO SAGITTARIUSContainer Ship,2018,400 / 59,https://www.vesselfinder.com/vessels?page=12,2026-02-10 08:25:41.301061+00:00
COSCO GEMINIContainer Ship,2018,400 / 59,https://www.vesselfinder.com/vessels?page=12,2026-02-10 08:25:41.301080+00:00
COSCO SAGITTARIUSContainer Ship,2018,400 / 59,https://www.vesselfinder.com/vessels?page=13,2026-02-10 08:25:44.437791+00:00
COSCO SHIPPING LIBRAContainer Ship,2018,400 / 59,https://www.vesselfinder.com/vessels?page=13,2026-02-10 08:25:44.437839+00:00
MARIT MAERSKContainer Ship,2015,399 / 59,https://www.vesselfinder.com/vessels?page=13,2026-02-10 08:25:44.437866+00:00
MARY MAERSKContainer Ship,2013,399 / 59,https://www.vesselfinder.com/vessels?page=13,2026-02-10 08:25:44.437891+00:00
MARGRETHE MAERSKContainer Ship,2015,399 / 59,https://www.vesselfinder.com/vessels?page=13,2026-02-10 08:25:44.437916+00:00
MATZ MAERSKContainer Ship,2014,399 / 59,https://www.vesselfinder.com/vessels?page=13,2026-02-10 08:25:44.437939+00:00
MATHILDE MAERSKContainer Ship,2015,399 / 59,https://www.vesselfinder.com/vessels?page=13,2026-02-10 08:25:44.437964+00:00
MAERSKMCKINNEYMOLLERContainer Ship,2013,399 / 59,https://www.vesselfinder.com/vessels?page=13,2026-02-10 08:25:44.437988+00:00
MUNKEBO MAERSKContainer Ship,2014,399 / 60,https://www.vesselfinder.com/vessels?page=13,2026-02-10 08:25:44.438012+00:00
MARIE MAERSKContainer Ship,2013,399 / 59,https://www.vesselfinder.com/vessels?page=13,2026-02-10 08:25:44.438036+00:00
MARSTAL MAERSKContainer Ship,2014,399 / 59,https://www.vesselfinder.com/vessels?page=13,2026-02-10 08:25:44.438060+00:00
METTE MAERSKContainer Ship,2015,399 / 59,https://www.vesselfinder.com/vessels?page=13,2026-02-10 08:25:44.438082+00:00
MAYVIEW MAERSKContainer Ship,2014,399 / 59,https://www.vesselfinder.com/vessels?page=13,2026-02-10 08:25:44.438107+00:00
MAREN MAERSKContainer Ship,2014,399 / 60,https://www.vesselfinder.com/vessels?page=13,2026-02-10 08:25:44.438129+00:00
MARCHEN MAERSKContainer Ship,2015,399 / 59,https://www.vesselfinder.com/vessels?page=13,2026-02-10 08:25:44.438152+00:00
MAJESTIC MAERSKContainer Ship,2013,399 / 59,https://www.vesselfinder.com/vessels?page=13,2026-02-10 08:25:44.438175+00:00
MADISON MAERSKContainer Ship,2014,399 / 59,https://www.vesselfinder.com/vessels?page=13,2026-02-10 08:25:44.438200+00:00
MERETE MAERSKContainer Ship,2014,399 / 59,https://www.vesselfinder.com/vessels?page=13,2026-02-10 08:25:44.438223+00:00
MOGENS MAERSKContainer Ship,2014,399 / 59,https://www.vesselfinder.com/vessels?page=13,2026-02-10 08:25:44.438249+00:00
MORTEN MAERSKContainer Ship,2014,399 / 59,https://www.vesselfinder.com/vessels?page=13,2026-02-10 08:25:44.438274+00:00
MAGLEBY MAERSKContainer Ship,2014,399 / 59,https://www.vesselfinder.com/vessels?page=14,2026-02-10 08:25:47.589775+00:00
MARIBO MAERSKContainer Ship,2014,399 / 59,https://www.vesselfinder.com/vessels?page=14,2026-02-10 08:25:47.589816+00:00
MSC REEFContainer Ship,2016,398 / 59,https://www.vesselfinder.com/vessels?page=14,2026-02-10 08:25:47.589842+00:00
MSC JADEContainer Ship,2016,398 / 59,https://www.vesselfinder.com/vessels?page=14,2026-02-10 08:25:47.589866+00:00
MSC DITTEContainer Ship,2016,398 / 59,https://www.vesselfinder.com/vessels?page=14,2026-02-10 08:25:47.589889+00:00
MSC ERICAContainer Ship,2016,399 / 59,https://www.vesselfinder.com/vessels?page=14,2026-02-10 08:25:47.589913+00:00
MSC TINAContainer Ship,2017,398 / 59,https://www.vesselfinder.com/vessels?page=14,2026-02-10 08:25:47.589936+00:00
MSC MIRJAContainer Ship,2016,398 / 59,https://www.vesselfinder.com/vessels?page=14,2026-02-10 08:25:47.589959+00:00
MSC DIANAContainer Ship,2016,400 / 59,https://www.vesselfinder.com/vessels?page=14,2026-02-10 08:25:47.589981+00:00
MSC ELOANEContainer Ship,2016,400 / 59,https://www.vesselfinder.com/vessels?page=14,2026-02-10 08:25:47.590004+00:00
MSC LEANNEContainer Ship,2017,400 / 59,https://www.vesselfinder.com/vessels?page=14,2026-02-10 08:25:47.590027+00:00
MSC MIRJAMContainer Ship,2016,400 / 59,https://www.vesselfinder.com/vessels?page=14,2026-02-10 08:25:47.590054+00:00
MSC RIFAYAContainer Ship,2017,400 / 59,https://www.vesselfinder.com/vessels?page=14,2026-02-10 08:25:47.590078+00:00
MSC INGYContainer Ship,2016,400 / 59,https://www.vesselfinder.com/vessels?page=14,2026-02-10 08:25:47.590102+00:00
MSC ZOEContainer Ship,2015,395 / 59,https://www.vesselfinder.com/vessels?page=14,2026-02-10 08:25:47.590124+00:00
MSC OLIVERContainer Ship,2015,395 / 59,https://www.vesselfinder.com/vessels?page=14,2026-02-10 08:25:47.590146+00:00
MSC SVEVAContainer Ship,2015,395 / 59,https://www.vesselfinder.com/vessels?page=14,2026-02-10 08:25:47.590168+00:00
MSC OSCARContainer Ship,2014,395 / 59,https://www.vesselfinder.com/vessels?page=14,2026-02-10 08:25:47.590190+00:00
MSC CLARAContainer Ship,2015,396 / 59,https://www.vesselfinder.com/vessels?page=14,2026-02-10 08:25:47.590213+00:00
MSC MAYAContainer Ship,2015,395 / 59,https://www.vesselfinder.com/vessels?page=14,2026-02-10 08:25:47.590235+00:00
KHALIJ-E-FARSFSO,2011,335 / 60,https://www.vesselfinder.com/vessels?page=15,2026-02-10 08:25:50.808820+00:00
ICHTHYS VENTUREROffshore Support Vessel,2017,336 / 59,https://www.vesselfinder.com/vessels?page=15,2026-02-10 08:25:50.808843+00:00
YUUM KAK NAABOffshore Support Vessel,1981,340 / 65,https://www.vesselfinder.com/vessels?page=15,2026-02-10 08:25:50.808855+00:00
FPSO MDDCOffshore Support Vessel,2005,330 / 60,https://www.vesselfinder.com/vessels?page=15,2026-02-10 08:25:50.808866+00:00
CSCL GLOBEContainer Ship,2014,400 / 59,https://www.vesselfinder.com/vessels?page=15,2026-02-10 08:25:50.808878+00:00
CSCL ATLANTIC OCEANContainer Ship,2015,400 / 59,https://www.vesselfinder.com/vessels?page=15,2026-02-10 08:25:50.808889+00:00
CSCL PACIFIC OCEANContainer Ship,2014,400 / 59,https://www.vesselfinder.com/vessels?page=15,2026-02-10 08:25:50.808899+00:00
CSCL INDIAN OCEANContainer Ship,2015,400 / 59,https://www.vesselfinder.com/vessels?page=15,2026-02-10 08:25:50.808910+00:00
CSCL ARCTIC OCEANContainer Ship,2015,400 / 59,https://www.vesselfinder.com/vessels?page=15,2026-02-10 08:25:50.808921+00:00
MSC ANNAContainer Ship,2016,400 / 59,https://www.vesselfinder.com/vessels?page=15,2026-02-10 08:25:50.808932+00:00
MSC VIVIANAContainer Ship,2017,400 / 59,https://www.vesselfinder.com/vessels?page=15,2026-02-10 08:25:50.808942+00:00
COSTA TOSCANAPassenger (Cruise) Ship,2021,337 / 42,https://www.vesselfinder.com/vessels?page=15,2026-02-10 08:25:50.808952+00:00
ARVIAPassenger (Cruise) Ship,2022,344 / 54,https://www.vesselfinder.com/vessels?page=15,2026-02-10 08:25:50.808963+00:00
COSTA SMERALDAPassenger (Cruise) Ship,2019,337 / 42,https://www.vesselfinder.com/vessels?page=15,2026-02-10 08:25:50.808973+00:00
IONAPassenger (Cruise) Ship,2020,344 / 42,https://www.vesselfinder.com/vessels?page=15,2026-02-10 08:25:50.808984+00:00
MSC EURIBIAPassenger (Cruise) Ship,2023,331 / 43,https://www.vesselfinder.com/vessels?page=15,2026-02-10 08:25:50.808994+00:00
AIDANOVAPassenger (Cruise) Ship,2018,325 / 42,https://www.vesselfinder.com/vessels?page=15,2026-02-10 08:25:50.809004+00:00
AIDACOSMAPassenger (Cruise) Ship,2021,337 / 42,https://www.vesselfinder.com/vessels?page=15,2026-02-10 08:25:50.809015+00:00
CARNIVAL CELEBRATIONPassenger (Cruise) Ship,2022,345 / 42,https://www.vesselfinder.com/vessels?page=15,2026-02-10 08:25:50.809025+00:00
CARNIVAL JUBILEEPassenger (Cruise) Ship,2023,346 / 42,https://www.vesselfinder.com/vessels?page=15,2026-02-10 08:25:50.809035+00:00
